marketing and advertising,,
"shift now, inc.",shiftnow.com,99064
artifact,weareartifact.com,16266
the miller company,themillercompany.com,2121
mass interact,massinteract.com,4271
zero-in,zero-in.com,21151
"development plus, inc.",dpipromo.com,19900
fair deal,fifthavenuedesigns.com,11306
2-scale,2-scale.com,46908
performance plus marketing,performplus.com,4925
ilawyermarketing.com,ilawyermarketing.com,10802
"marketing challenges international, inc.",mcintl.com,868
"expert communications, inc.",eciww.com,42126
the stone group,stonegroupinc.com,3670
visit stockton,visitstockton.org,559
exhibit arts llc.,exhibitarts.net,684
"lately, inc.",trylately.com,40824
reputation impression,reputationimpression.com,2902
"licensing brands, inc.",brandlicensingexpert.com,1360
gain app,gainapp.com,3637
fannit.com,fannit.com,10784
"core brand solutions, llc",corebrandsolutions.com,16728
elite strategies,elite-strategies.com,1511
right angle,rightangleadv.com,904
new world marketing,nwmjobs.com,8912
acres new york,acresnewyork.com,1494
one line agency,onelineagency.com,27861
b&r,bandrideas.com,2653
business to business marketing,biz2bizmarketing.com,45674
colors in optics ltd,colorsinoptics.com,9580
"integrated mail industries, ltd.",integratedmail.com,6800
hunt & gather,huntandgather.com,705
one for all,oneforall.uk.com,11616
www.rentittoday.com,rentittoday.com,10428
the tailored group,thetailoredgrp.com,741
marketing software company,mscnet.com,3318
executive media communications,executivemediacommunications.com,3359
sgv marketing,sgvmarketinginc.com,2001
global onboard partners,globalonboardpartners.com,4990
great impressions,great-impressions.net,12897
digital style,getdigitalstyle.com,1340
data imaging,datai.com,1301
brand agent,brand-agent.com,3618
"custom sign center, inc.",customsigncenter.com,1397
code north america,codenorthamerica.com,10663
904 happy hour,904happyhour.com,33164
market my market,marketmymarket.com,13283
agency zero,agencyzero.com,2903
consistent image,conimage.com,24668
swagger,swaggeragency.com,1892
promoting usa,promotingusa.com,18702
"paragraph, inc",paragraphinc.com,5311
winter group,wintergroup.net,29029
seowhat.com,seowhat.com,10859
the marketing company,marketingcompany.com,49990
business development pros,bdpros.com,8073
direct associates,directassociates.com,1217
visual connections,visualconnections.com,582
six things llc,sixthings.com,7647
voltage,voltagekc.com,18637
"the davis group, inc.",thedavisgrouptx.com,2496
visit tallahassee,visittallahassee.com,808
physicians office resource,physiciansofficeresource.com,1029
graphics plus inc.,gpdelivers.com,15650
prompt direct,promptdirectinc.com,21346
franchise solutions,franchisesolutions.com,7205
dotted line collaborations,dottedelincollaborations.com,2303
skilled creative,skilledcreative.com,2606
momentum solutions team,momentumsolutionsteam.com,2102
big wheel,bigwheelgo.com,749
sales engine international,salesenginemedia.com,2068
elevator,elvtr.net,4949
bright enterprises,bright-enterprises.net,1720
"the ace group, inc.",acegroupnyc.com,2496
decision counsel,decisioncounsel.com,921
tip-top branding,tiptopbranding.com,1073
advertising agencies,b4r-uk.com,9422
the experts bench,tebww.com,1358
fancorps.com,fancorps.com,6162
sculpt llc,wearesculpt.com,915
outdoor retailer,outdoorretailer.com,1074
tribal brands,tribalbrands.com,1384
less+more,lessandmore.com,66640
marketing partnerships international,mpiadv.com,1435
the field,thefieldtv.com,26319
hedges & company,hedgescompany.com,5385
one step services,onestepservices.com,68336
content blvd,contentblvd.com,599
the church online,thechurchonline.com,1854
"digital law marketing, inc.",digitallawmarketing.com,663
corner media inc.,cornermedia.com,1484
increase visibility inc.,increasevisibility.com,10972
city outdoor,cityoutdoorusa.com,21959
"fulfillment express, inc.",fulexp.com,4564
experts.com,experts.com,2603
local industries,localindustries.com,8822
leadsys.com,leadsyspro.com,10836
business builders marketing,buildrevenuenow.com,1277
influence opinions,influenceopinions.com,5505
career marketplace inc.,careermarketplace.com,17597
extrovertic,extrovertic.com,1331
the wright group,wrightgroupusa.com,1242
upstream group,upstreamgroup.com,6645
secret fort,secretfort.com,3421
think marketing,thinkmktg.com,8602
team marketing llc,teammarketingllc.com,1221
simple insurance leads,simpleinsuranceleads.com,1212
mouth,mouthny.com,12389
crafted,craftedsocialmedia.com,671
leading edge communications,leadingedgecommunications.com,10054
the marketing company,the-marketing-company.com,49990
timeline,thisistimeline.com,79327
core group,core-ideas.net,4513
,,
,,
,,
,,
,,
information technology and services,,
decision ready solutions,decisionreadysolutions.com,13799
network business systems,nbsys.com,7306
pursuit software,pursuitsoftware.com,614
"applied training systems, inc.",turnrivercapital.com,9705
he,hetransformation.com,94211
"data partner, inc.",datapartnerinc.com,16055
"ens, corp.",ensc.com,24885
element critical,elementcritical.com,18630
stability technology,stabilitytp.com,2563
on-demand group,ondemandgroup.com,1854
"the david group, inc.",davidgroupinc.com,1967
houston medical,houstonmedical.net,555
"infinite services & solutions, inc.",infinitessol.com,1327
emcor inc,emcor.net,547
"pi solutions, inc.",pi-solutions.com,4117
global ip networks,gipnetworks.com,7674
visalia llc,visalia.com,831
dynamic health it,dynamichealthit.com,46369
project oversight corporation ™,projectoversight.com,6490
network connections,networkconnections.com,3136
secure channels inc.,securechannels.com,7988
"six feet up, inc.",sixfeetup.com,3617
envative,envative.com,577
integrated solutions inc.,integratedsolutions.net,693
active cyber,activecyber.com,25136
software development technologies,sdtcorp.com,51188
confidential cc,confidentialcc.com,1461
tech friends,techfriendsca.com,1119
core group,core-group.com,4513
streams inc,streams-inc.com,43254
"trusted.com, llc",trusted.com,1406
"bas services & graphics, llc.",bassg.com,1677
advanced network technologies,antnetcare.com,5917
portfolio communications,portfoliocommunications.com,26249
"sole solutions, inc.",solesolutionsinc.com,11938
new river computing,newrivercomputing.com,3312
the ascend group,ascendgroup.com,507
reliablehosting.com,strongvpn.com,10861
"schedule viewer, llc",scheduleviewer.com,935
the pinnacle group companies,thepinnaclegroup.com,2071
rai government services,rai-gs.com,1394
small box energy,smallboxenergy.com,851
"international computer negotiations, inc.",dobetterdeals.com,4566
"sics, inc",sics.com,711
mi group,migroupco.com,57264
"ppm works, inc.",ppmworks.com,2306
add-on data,addondata.com,1726
id-tech solutions inc,idtechsolutions.com,3449
purely cloud,purelycloud.com,825
new age digital,newagedigital.com,2754
ares security corporation,aressecuritycorp.com,517
virtual engineering,veng.com,25272
global emergency resources,ger911.com,3125
encryptics,encryptics.com,10183
acoustic architects,acousticarchitects.net,3430
crafted,craftedup.com,671
avuity,avuity.com,958
knowledge architecture,knowledge-architecture.com,4467
branch solutions,branchsolutions.com,27939
network security services,networksecurityservicesllc.com,12357
home operations,home-ops.com,6959
switchboard,switchboardhq.com,4949
optime info services pvt ltd,optimeservices.com,1523
framework science,fwscience.com,49891
click consulting,clickconsulting.com,5922
"iis group, llc",iisgroupllc.com,56003
expert technical solutions,experttechnical.com,76840
2-20 records management | home of the 2-20 family of companies,2-20rm.com,1891
office logic inc.,officelogicinc.com,27572
advanced kiosks,advancedkiosks.com,864
wyndham group inc,wyndhamgroup.net,2537
softpath solutions inc,softpathsolutions.com,506
time record storage,timerecord.com,3127
sagely,gosagely.com,5173
corporate it,corpit.com,6930
association for information systems,aisnet.org,40701
dallas digital services,ddserv.com,2566
business computer applications,fantasticjourneys.com,8752
ncr solutions,nuvodev.com,1158
"information technology works, inc.",itworks-inc.com,57264
immense networks,immense.net,549
ultimate knowledge,ultimateknowledge.com,30618
apps consultants,appsconsultants.com,71719
applied cloud systems,appliedcloudsystems.com,36966
"ircs, inc",ircsinc.com,1170
enterprise networks solutions,ens-az.com,3075
alias,alias-us.com,2192
all it supported,allitsupported.com,47814
"point & pay, llc",pointandpay.com,50469
computer business services,cbsofwi.com,1916
networking agents llc,networkingagents.com,620
equip inc,discoverequip.com,11988
"infrastructure insights, inc.",trusti2i.com,2116
switchboard,smarketplace.com,4949
stoked,thisisstoked.com,864
,,
,,
,,
,,
,,
construction,,
capitol city homes,capitolcity-homes.com,552
the wall company,thewallco.com,677
"range and civil construction, llc",raccllc.com,6896
"site supply, inc.",sitesupply.com,77342
generation 3 electric,gen3electric.com,682
trees inc,totaltrees.com,1145
"door systems, inc.",doorsysinc.com,36990
air group llc,airgroupllc.com,10849
"aas restoration, inc.",aasrestoration.com,1339
a1 services,a1services.com,1499
"excel mechanical, inc.",excelmechanicalinc.com,2125
construction services inc. of tampa,csioftampa.com,1371
professional carpet systems,pcstriad.com,2309
partitions contracting,partitionsgc.com,725
elite team offices,eliteteamoffices.com,4601
general property construction co.,gpconstructionco.com,1343
"atlanta's professional door",apdinc.net,810
technos corporation,technosfans.com,666
clean crawls,cleancrawls.com,28957
"mid-state contracting, llc",midstatecontracting.com,6260
"first state mechanical, inc",firststatemechanical.com,13182
global site solutions,globalsitesolutions.com,35479
central builders inc.,centralbuilders.net,1375
engineered devices corporation,edconline.com,6671
"let's pave",letspave.com,1499
richmond window corporation,richmondwindow.com,615
"technical builders, inc",technicalbuilders.com,3544
"commercial ready mix products, inc.",crmpinc.com,708
applied controls & contracting services inc.,accshome.com,29822
hall contracting inc.,tomhallcontracting.com,2028
"commercial construction & development, llc",ccdbuilding.com,1053
construction for change,constructionforchange.org,12651
vm systems inc.,vmsystemsinc.com,4865
"total mechanical services, inc.",totalmech.com,7353
"contractors equipment center, llc",cecrents.com,13186
utility services group,usginc.net,1253
forward design build,planforward.net,2887
"construction business management, llc",cbmworks.com,1123
industrial power & lighting corp.,iplcorp.com,5834
custom craft llc,teamcustomcraft.com,6231
"cmc group, inc.",cmc-group.com,799
north texas contracting,northtexascontracting.com,1667
paint pros,ozarkpaintpros.com,608
professional mechanical inc.,promechpgh.com,56868
great falls construction,greatfallsinc.com,639
"northwest contracting, inc.",northwestcontracting.com,2468
"control air north, inc.",canorth.com,3372
construct-x,construct-x.com,1503
construction results corp.,constructionresults.com,7025
structural buildings inc,structuralbuildings.com,10686
"highway and safety services, inc.",hiwayandsafety.com,6646
cohesant inc.,cohesant.com,24071
gulf coast,oldcastlematerialstx.com,4984
re-member,re-member.org,778
we build,webuild-hwh.com,1466
environments by design,environmentsbydesigncleveland.com,16397
adjustable forms inc of in,adjustableforms.com,37206
montage inc,montage-cf.com,500
"knight's companies",knightscompanies.com,823
clean response,cleanresponse.com,20773
"commercial trade services, llc",ctsks.com,19996
commercial installation & construction,cic-ca.com,4056
"pdcs, llc",pdcsllc.com,727
"asphalt services, inc.",asphaltservicesinc.com,4855
c & l contracting corp.,clcont.com,572
"surfaces group, llc",surfacesgrp.com,647
"quality insulators, inc.",qualityinsulators.com,3495
custom facilities,customfacilities.com,19364
buses international,busesinternational.org,731
c&l services,sweeping.com,3055
"ccs group, inc.",ccsgroupstl.com,1565
we build,webuildcorp.com,1466
global associates,bimoutsourcing.com,969
global associates,sketchup4architect.com,969
,,
,,
,,
,,
,,
non-profit organization management,,
change for kids,changeforkids.com,8883
world cares center inc,worldcares.org,67651
r.i.s.e.,riseflorida.org,888
association on higher education and disability,ahead.org,5511
downtown madison inc.,downtownmadison.org,630
faith in action,faithinaction.org,6662
hope faith ministries,hopefaithministries.org,574
"my friend's place",myfriendsplace.org,726
residency unlimited inc.,residencyunlimited.org,3540
nc child,ncchild.org,1473
alignment nashville,alignmentnashville.org,1265
senior access,senioraccess.org,81600
nonprofit management solutions,npsolutions.org,5137
churches united in ministry,chumduluth.org,539
"guide, inc.",guideinc.org,1442
grow south dakota,growsd.org,1128
interactivity foundation,interactivityfoundation.org,24425
the mission center,missioncenterl3c.com,1481
peace learning center,peacelearningcenter.org,4583
student voice,stuvoice.org,7454
center for families,centerforfamilies.org,1684
"jobs for arizona's graduates",jagaz.org,3346
"better community development, inc.",bcdinc.org,2282
"parents' choice foundation",parents-choice.org,785
"intersect, inc.",intersectinc.org,13895
options in community living,optionsmadison.com,33651
passages,passageseisrael.org,3835
the care communities,thecarecommunities.org,906
active heroes,activeheroes.org,3362
operation finally home,operationfinallyhome.org,736
caring for miami,caringformiami.org,7181
"it's my community initiative",itsmycommunity.org,1482
university consulting group,universityconsultinggroup.com,625
equal rights center,equalrightscenter.org,53560
a gift for teaching,agiftforteaching.org,3454
a life story foundation,alifestoryfoundation.org,1958
global partners in hope,globalpartnersinhope.com,1505
"hope helps, inc.",hopehelps.org,26185
institute for nonprofit news,inn.org,1535
meals & wheels,seniorministry.org,1721
north light community center,northlightcommunitycenter.org,880
"teens, inc.",teensincva.org,6795
faith in place,faithinplace.org,6438
intentional insights,intentionalinsights.org,2441
leadership florida,leadershipflorida.org,636
youth continuum inc,youthcontinuum.org,1256
hands on miami,handsonmiami.org,3703
youth mentoring,youthmentoring.org,5990
open doors organization,opendoorsnfp.org,9258
"atc, inc.",animedetour.com,2119
avda,avda-tx.org,645
edge of seven,edgeofseven.org,3485
center for reform of school systems,crss.org,947
behind every door,behindeverydoor.org,2011
local economic and employment development council,leedcouncil.org,889
free market foundation,freemarketfoundation.com,2862
center for congregations,centerforcongregations.org,812
global rights for women,globalrightsforwomen.org,4519
center of concern,centerofconcern.org,67332
midway training services,midwaytraining.com,541
job opportunities task force,jotf.org,25657
transitional work corporation,transitionalwork.org,7389
core group,coregroup.org,4513
,,
,,
,,
,,
,,
hospital & health care,,
"community medical center, inc.",cmcfc.org,520
experienced resources,experiencedresources.net,2272
the larkin group,larkingroup.org,590
spinesearch,spine-search.com,554
"trihealth, inc.",tri-health.com,537
professional billing inc,mypbi.com,90897
20/20 now,for2020now.com,32268
best practices inpatient care,bestpracticesinpatientcare.com,5666
"midwest emergency services, llc",mes.us.com,2177
we care home services,wecareohio.com,1974
select pain procedure centers,selectpain.com,1340
health care improvement foundation,hcifonline.org,1775
"cardiac care group, llc",flccg.com,920
new concepts for living inc,ncfl.net,25258
socially determined,sociallydetermined.com,63507
medical memory™,themedicalmemory.com,4848
u. s. laboratories,us-labs.com,11712
"meds, inc.",medsinc.us,15616
home help companions,homehelpcompanions.com,3068
"physician group of arizona, inc.",physiciangroupaz.com,1027
american mobile dental,americanmobiledental.com,3876
personal home care of north carolina,phcnc.com,976
arizona foundation for medical care,azfmc.com,712
r-health,rhealthconnect.com,26600
home health of kansas,kansashomehealth.com,657
consultants in pain medicine,cipm.com,1165
pavilion services,pavilionstl.com,4564
resources for seniors,resourcesforseniors.com,4227
informed medical decisions foundation,informedmedicaldecisions.org,1622
"chart links, llc",chartlinks.com,6182
health directions,healthdirections.com,5320
"comprehensive health care services, inc.",comphomecare.com,1022
benefits of home-senior care,benefitsofhome.com,16056
"professional co-op services, inc.",professionalco-op.com,2757
help group,helpgroup-tn.com,14215
take the fight,takethefight.org,3459
"wound management technologies, inc.",wmgtech.com,1671
er now,yourernow.com,1966
star-med,starmedonline.com,656
university general surgeons,utksurgery.com,561
walnut place,walnutplacelcs.com,865
"stay at home solutions, inc.",sahsolutions.com,7639
"the specialty nurse company, inc.",specialtynurse.net,918
health to hope clinics,healthtohope.com,5770
"us memory care, llc",usmemorycare.com,1390
air healthcare solutions,airhealthcaresolutions.com,2424
forum at the crossing,theforumatthecrossing.com,3114
med tech services,medtech-services.com,1376
regional homecare,regionalhomecaretn.com,770
"hearing assessment center, inc.",hearingassessment.com,12047
"physician's weekly",physiciansweekly.com,23858
adult & child therapy services,adultchildtherapy.org,3701
contract management strategies,contractmgmt.com,931
21 plus inc,21plus.org,15312
north texas hospital,cirrushealth.com,3282
community smiles,community-smiles.org,8641
physician practice specialists,physicianpracticespecialists.com,12410
"health west, inc.",healthwest.com,47047
nursing solutions,nursingsolutions.com,1694
post acute care,wellingtonhg.com,43108
access home healthcare inc,access-healthcare.com,10095
"meds, inc.",meds-exec.com,15616
,,
,,
,,
,,
,,
financial services,,
alternative investment fund,aifatuva.com,529
"leading edge recovery solutions, llc",leadingedgerecovery.com,1121
"var resources, inc.",varresources.com,865
dakota funds group,dakotafunds.com,543
"decision economics, inc.",decisioneconomicsinc.com,6426
white commercial corporation,whitecommercial.com,3220
beneficial state foundation,beneficialstate.org,883
bridges trust,bridgestrust.com,3501
"fabric technologies, inc.",meetfabric.com,19584
stay in home mortgage,axiareverse.com,805
member business lending,mblllc.com,8720
tuition options,tuitionoptions.com,44916
unbank company,unbankcompany.com,500
722 redemption,722redemption.com,1870
interactive financial advisors,swcares.com,14889
the main street group,themainstreetgroup.com,657
bumped inc,bumped.com,1639
yes international,yesinternational.com,8269
growth capital corp.,growthcapitalcorp.com,32086
new diligence advisors,selenenda.com,542
asset based lending,ablc.net,752
medical billing resources,mbrbilling.com,1456
"us collections west, inc",uscollectionswest.com,1296
"geo-corp, inc.",geofunding.com,700
comprehensive financial consultants,cfci.us,2802
channel financial,channel-financial.com,1952
"american teachers retirement services, llc.",atrs.us.com,869
wisconsin hospital association,wha.org,1907
the peninsula group,peninsulagroupllc.com,923
medical business resources,mbrus.com,6700
settlement capital corporation,setcap.com,946
direct business lending,directbusinesslending.com,840
theres no place like home,tinkerdesign.com,808
forefront advisory llc,forefrontgroup.com,1606
gates capital corporation,gatescapital.com,896
core recoveries,corerecoveries.com,10922
bankers mortgage lending,bankerslending.com,1727
pension inc.,pensioninc.net,30990
the pinnacle group,thepinnacle.net,2071
payroll4free.com,payroll4free.com,10893
consumer financial services,eznocreditloans.com,901
world trend financial,worldtrendfps.com,1927
"the mentor group, inc.",thementorgrp.com,2726
core financial resources,corefr.com,1552
wallstjobs.com,wallstjobs.com,10426
standard credit group,standardcreditgroup.com,1617
comprehensive retirement solutions,crsindiana.com,17152
"lifestyle freedom, llc",lifestylefreedom.com,1441
the pinnacle group,planwithpinnacle.com,2071
the legacy group,thelegacygroupinc.net,3426
,,
,,
,,
,,
,,
computer software,,
event 1 software,event1software.com,2044
pipeline roi,pipelineroi.com,2194
decision support,decisionsupport.com,14008
j&h inc.,jhoe.com,668
compliancy group,compliancy-group.com,11033
"solutional, inc.",solutionalinc.com,548
women in big data,womeninbigdata.org,5209
verticity,verticity.com,35024
srs computing,srscomputing.com,686
vocovision,vocovision.com,691
"gist, inc",gist.com,507
perfect practice®,perfectpractice.com,9301
the oak group,oakgroup.com,5082
image relay,imagerelay.com,1351
multi tech,multi-tech-eg.com,691
global associates,jobs2india.com,969
"paper-less, llc",paperlessllc.com,4341
rack performance,rackperformance.com,5306
jhhl.net,jhhl.net,1548
teamwork solutions,teamsol.com,53769
snowshoe,snowshoestamp.com,1233
chi-llc,chi-llc.com,5005
coop systems,coop-systems.com,1556
"merge mobile, inc.",mergemobile.com,648
waitrainer.com,waitrainer.com,10786
knowledge adventure,netdragon.com,11641
"applied olap, inc.",appliedolap.com,698
kw works,kwworks.com,814
data resolution,dataresolution.net,3503
software for good,softwareforgood.com,12524
right on interactive,rightoninteractive.com,87091
visual collaboration technologies,vcollab.com,1161
"lp software, inc.",lpguys.com,1496
1-page,1-page.com,46669
sustainable minds,sustainableminds.com,5202
miashops.com,miashops.com,10836
opensource inc.,opensourceinc.com,570
smooth logics,smoothlogics.com,946
retrieve,retrieve.com,56000
retrieve,retrieve.com,56000
resaleworld.com,resaleworld.com,10836
arms software,armssoftware.com,2168
motivator crm,motivatorcrm.com,21203
network sciences,netsci.net,7173
demand driven technologies,demanddriventech.com,18141
network america,ldms.com,1618
av technologies,av-technologies.org,9002
,,
,,
,,
,,
,,
"health, wellness and fitness",,
"before brands, inc.",beforebrands.com,21184
"health to you, llc",h2u.com,548
the metropolitan,themonfrance.com,2255
sports physical therapists,sptpros.com,2783
"angel's recovery, llc",angelsrecovery.com,1594
natural healthcare center,naturalhealthcarecenter.com,3048
future industrial technologies,backsafe.com,766
naturally plus usa,npusainc.com,1461
advanced wellness,advanced-wellness.net,1481
hero,herohealth.com,6809
clinic-aid,clinic-aid.com,3030
solutions of north texas,sontx.org,3104
whole you,wholeyou.com,1542
"chance 4 change, inc.",chance4change.net,7393
san francisco salt company,sfsalt.com,544
the family medical group,thefamilymedicalgroup.com,3987
"i-care, inc.",icareabouthealth.net,2108
american health care professionals inc,ahcpofva.com,3738
me fitness,mefit2.com,1321
fitness management,kenoshafitnessmanagement.com,4336
body solutions,bodysolutionskc.com,18044
in-pulse cpr,inpulsecpr.com,4671
energy extension inc.,emfworldwide.com,1866
be fitness and wellness center,befitnesscenter.com,689
structure house,structurehouse.com,673
crane usa,crane-usa.com,568
center for natural healing,center4naturalhealing.com,4558
integrative therapies,hannelorehealing.com,1122
all american fitness,allamericanfitness.net,7253
healthy habits global,healthyhabitsglobal.com,730
taking control of your diabetes,tcoyd.org,853
practical recovery,practicalrecovery.com,4557
in the moment,imgsc.com,44666
motion connected,myinertia.com,4073
living plate llc,livingplate.com,4092
"support connection, inc.",supportconnection.org,7152
community counseling solutions,communitycounselingsolutions.org,5553
akma,akkarate.com,566
monthly gift.,monthlygift.com,5074
"copes, inc.",copes.org,17694
find your trainer,findyourtrainer.com,692
nourish,margimcdaniel.com,17589
centered city yoga,centeredcityyoga.com,771
diet direct,dietdirect.com,9232
"back on track usa, inc.",backontrackproducts.com,1842
supplementwarehouse.com,supplementwarehouse.com,6196
,,
,,
,,
,,
,,
real estate,,
"chance partners, llc",chance-partners.com,24342
arrow companies,arrowcos.com,706
s.p.m.,spmmemphis.com,981
florida brokers,florida-brokers.com,924
all professional realty,allprofessional.net,1952
maris,marisnet.com,1251
american home title,americanht.com,6069
r.o.i. properties,roiproperties.com,1063
leasing and management,yournewmnhome.com,5675
agentmarketing.com,agentmarketing.com,10825
total property services,tpscleanup.com,14998
resolutions title inc.,resolutionstitle.com,23986
pd properties,pd-p.com,516
general cannabis corporation,generalcann.com,1808
how properties,howproperties.com,29204
"new neighborhoods, inc.",nnistamford.org,17331
value trend solutions,valuetrendsolutions.com,39606
"showcase property management, llc",showcasepropertymanagement.us,803
"for the people realty, llc.",realtyforthepeople.com,1970
streamline title,streamline-title.com,3470
property quest,property-quest.com,956
the wright group,wrightbroker.com,1242
acres capital,acrescap.com,1085
park and refer inc.,parkandrefer.com,16994
progress management,progressmanagement.net,3062
the albert corporation,albertcorp.com,765
retail california,retailcalifornia.com,2234
charlottesville solutions,charlottesvillesolutions.com,567
2nd address,2ndaddress.com,4566
pioneer companies,pioneercos.com,1039
stagedhomes.com,stagedhomes.com,10398
all county tampa bay,allcountytampabay.com,1338
"results real estate,  inc.",resultsrealestateinc.com,14462
"top 1 coaching, mentoring, consulting",usrealestatepartners.com,563
commercial management,comm-mgmt.com,4391
association online usa,associationonline.com,721
"new york city regional center, llc",nycrc.com,2926
compound,getcompound.com,12438
we emulate you,weemulateyou.com,4545
dc commercial,dccommercial.com,7943
doorman property management,doormansf.com,15831
city habitat,cityhabitatchicago.com,750
the crest group llc,thecrestgroupllc.com,653
unlocked,unlockedhome.com,28832
illuminate,illuminatecontracting.com,3098
,,
,,
,,
,,
,,
management consulting,,
"the jackson group, inc.",thejacksongroup.com,4759
personal network,edbarkley.com,3430
"executive parking systems, inc.",executiveparkingatl.com,3567
team adhoc,team-adhoc.com,2001
"mts world, llc",mtsworld.com,2991
culture change consultants,culturechange.com,4757
out leadership,outleadership.com,648
strategic management decisions,smdhr.com,4497
implementation partners llc,implementationpartners.com,14271
socio,thinksocio.com,7780
"development advisors, llc",dai-locates.com,582
prepare to change | assessment & consultation,preparetochange.com,2211
organizational performance group,organizationalperformancegroup.com,5410
world-class industrial network,winnets.com,3354
operations associates,vigorousgrowth.us,19545
enterprise strategies,enterprisestrategies.com,2644
the wilson group,wilsongrp.com,1109
growth[period],growthprd.com,66553
hi group,thinkhi.com,1542
unlimited services building maintenance,usbm.com,970
"advanced strategies, inc.",advancedstrategies.com,81612
proactive resolutions inc.,proactive-resolutions.com,30530
jw industries group,jwigllc.com,500
achievement unlimited inc,achievable.com,10797
vacation strategy,vacationstrategy.com,15201
day health strategies,dayhealthstrategies.com,36095
control logics,control-logics.com,24944
swarm.,swarmnyc.com,1522
the essex group,theessexgroup.com,597
new york grant company,nygrants.com,4326
the thompson company,durabante.com,1587
knowledge advisory group,knowledgeadvisorygroup.com,31900
modern analytics,modernanalytics.com,653
consequent,brandvelocity.com,13223
blue square concepts,bluesquareconcepts.com,16701
new markets advisors,newmarketsadvisors.com,2990
team elements,teamelements.com,59386
strategic consulting,strategicaesthetic.com,5525
,,
,,
,,
,,
,,
staffing and recruiting,,
the wilson group,thewilsongrp.com,1109
resource spectrum,resourcespectrum.com,5389
"secure nursing services, inc.",securenursing.com,13621
tps group,tpsmithgroup.com,2437
secure staff,securestaffinc.com,1554
"labor connections, llc",labor-connections.com,2334
"sparrow company, llc",sparrowsearch.com,841
"professional outlook, inc.",professionaloutlook.com,69964
the perkins group,perkinsgroup.com,569
advanced placement,abstaffct.com,647
career quest staffing,cqny.com,849
expert executive recruiters,expertexecutiverecruiters.com,1162
top resources,topresources.com,71742
the hampton group,hamptongrp.com,2231
hirekeep,hirekeep.com,6871
"investigation consulting services, inc.",neics.com,550
accountants for you,accountantsforyou.com,34168
talent source,talent-source.com,2215
"pro, inc.",proinc.com,4819
therapy on demand,therapyondemand.net,4413
resource solutions group inc.,resourcesolutionsgrp.com,648
"strategic practice solutions, llc.",strategicpracticesolution.com,19190
"healthcare partners, inc.",hcpstaffing.com,3839
hire horizons,hirehorizons.com,2342
occupational health connections,occhealthconnections.com,524
"back on track network, inc.",backontracknet.org,9021
"staffing strategies, llc",staffingstrategies.net,21792
connections of new york,connectionsny.com,13795
banks & associates,banksrecruiting.com,960
"staffing solutions, inc.",staffingsolutionsinc.com,4418
"quick usa, inc.",919usa.com,2010
the french group,frenchgroup.com,1540
a-technologies,atekus.com,55735
management performance associates,mpacareers.com,1894
"des recruitment, inc.",desrecruitment.com,513
trade solutions inc.,tradesolutions.com,3327
horizons hrs,horizonshrs.com,634
,,
,,
,,
,,
,,
retail,,
supermediastore.com,supermediastore.com,10860
"barnes & noble booksellers, inc.",barnesnoble.com,655
"in the pink stores, inc.",inthepinkonline.com,940
over the moon,overthemoonenrichment.com,533
service lighting,servicelighting.com,1108
fish gallery,thefishgallery.com,570
displays by jack,displaysbyjack.com,5013
the farm,thefarmco.com,17830
global overview,123goecom.com,43045
macy macy corp,macysinc.com,3019
wonder book,wonderbk.com,507
jane,janeconsignment.com,1019
"gregory's",mygregorys.com,524
sylvan company,metal-detector-town.com,899
"windows plus, llc",windowspls.com,1059
microdaq.com ltd.,microdaq.com,10861
roberts market,robertsmarket.com,1424
"rooster's",roostershomestylecooking.com,580
the stage,the-stage.com,1108
tactical distributors,tacticaldistributors.com,1221
value drugs,valuedrugs.net,85306
paradise shop,paradiseshop.com,631
bridges general,bridgesgeneral.com,12723
"audio high, inc.",audiohigh.com,15946
justdeals.com,justdeals.com,10786
daniels corporation,danielscorporation.com,592
california delicious,californiadelicious.com,572
applied advertising inc.,appliedadvertisinginc.com,7590
k designs,shopkdesigns.com,63892
crafted,igotcrafted.com,671
,,
,,
,,
,,
,,
events services,,
mile high station,milehighstation.com,1986
events by design,eventsdesigner.com,5547
rental world,abcrentalworld.com,7517
one world theatre,oneworldtheatre.org,1278
fan experiences,fanexperiences.com,2935
set up events,setupevents.com,76848
play with a purpose,playwithapurpose.com,16744
meet las vegas,meetlv.com,6259
new york city runs inc.,nycruns.com,2310
geo events,geoevents.com,787
team play events,teamplayevents.com,25933
event central,eventcentralpro.com,1185
"corporate live, inc.",corporatelive.com,59766
conference solutions,conferencesolutionsinc.com,2173
a&v company,avcompany.com,42102
pieces of a dream,piecesofadreamevents.com,680
project shelter,projectshelter.org,2616
oasis events,oasiseventsindy.com,839
"suite treatments, inc.",suitetreatments.com,9804
on stage services inc.,onstageservices.com,63989
details event planning,detailseventplanning.com,22321
cycle party,cycleparty.com,17320
capital city events,capitalcityevents.com,2949
"florida meeting services, inc.",floridameetingservices.com,7289
"event resources, inc.",eventresources.com,3586
"advanced events, inc.",advancedevents.net,88385
"av solutions, llc",avsolutionsllc.com,7790
high maintenance llc,highmaintenancegiftbaskets.com,29781
live event solutions,liveeventsolutions.net,21119
completely yours events llc,completelyyoursevents.com,1666
,,
,,
,,
,,
,,
internet,,
contractor nation,contractornation.com,1740
interactive sites,interactivesites.com,584
appreciation engine,appreciationengine.com,1905
free ventures,freeventures.org,4490
no-ip,noip.com,43942
professional associates,sooprofessional.com,2699
globaleyeglasses.com,globaleyeglasses.com,10826
centre partners management llc,centrepartners.com,1409
megameeting.com,megameeting.com,10405
top website placement,topwebsiteplacement.com,1800
student brands,studentbrands.com,13359
varie,varien.com,3049
starpulse.com,starpulse.com,10426
active theory,activetheory.net,26389
frederick,hirefrederick.com,1040
iseniorsolutions.com,iseniorsolutions.com,6162
malakye.com,malakye.com,10426
powhow.com,powhow.com,10390
your design guys,yourdesignguys.com,4079
internet direct,idworld.net,11882
equipedigital.com,equipedigital.com,10838
murray,murraymedia.com,2319
suitely,suitely.com,59593
media solutions corporation,mediasolutionscorp.com,1857
college weekly,collegeweekly.com,55817
commerce architects,commerce-architects.com,841
branching minds,branchingminds.com,3120
11 online,11online.us,28596
,,
,,
,,
,,
,,
education management,,
mercy education project,mercyed.net,790
beginning with children,beginningwithchildren.com,15271
chiefs for change,chiefsforchange.org,19958
professional business college,pbcny.edu,71238
center for powerful public schools,powerfuled.org,3227
reading and writing project llc,readingandwritingproject.com,60432
communities in schools pennsylvania,cisofpa.org,3763
east central educational service center,ecesc.k12.in.us,1389
the swim school,theswimschool.org,715
"school pathways, llc",schoolpathways.com,9834
the language school,thelanguageschool.us,2759
great beginnings,greatbeginnings.com,30455
student-tutor,student-tutor.com,16161
environmental volunteers,evols.org,605
project read,project-read.com,8561
city view independent school,cityview-isd.net,890
total school solutions,totalschoolsolutions.net,9871
a+ solutions,thinkaplus.com,84030
coalition for engaged education,ceeyouth.org,1335
center for educational networking,cenmi.org,72056
a+ learning and development centers,aplusldc.com,992
education advanced,educationadvanced.com,6247
custom training solutions,trainwithcts.com,1898
academic evaluation services,aes-edu.org,819
"empowering today's professionals",etpnetwork.org,4079
great beginnings,gbmaternity.com,30455
,,
,,
,,
,,
,,
architecture & planning,,
permit place,permitplace.com,13124
davis & davis,davisinteriordesign.com,2505
green view companies,greenview.com,4302
design platform,designplatformllc.com,4629
commercial interior resources,cir-resource.com,903
f&s partners,fsarchitects.com,593
"the sage group, inc.",thesagegroup.net,1388
architectural design group,adg-architects.com,6899
groves & co.,grovesandco.com,1062
so – il,so-il.org,6728
key interiors design llc,keyinteriors.us,610
contemporary group ltd,contemporarygroupng.net,509
infinity group us,infinitygroupus.com,3636
"market street services, inc.",marketstreetservices.com,9061
craft-studio,craftcg.com,1903
architects in partnership,aipok.com,950
land masters,landmastersinc.com,6078
"the digit group, inc.",thedigitgroupinc.com,15852
rhode partners,rhodepartners.com,892
"conceptual designs, inc.",conceptualdesignsinc.com,28606
design and engineering,dandeinc.us,74041
va spaces,va-spaces.com,4897
design collaborative architects,architecttampa.com,11186
architectural design group,archdesigngroup.com,6899
artifact,francisroark.com,16266
,,
,,
,,
,,
,,
insurance,,
"fabricant & fabricant, inc",fabricantinsurance.com,62999
"the benefits group, llc",benegroup.net,9457
first louisiana insurance,firstli.com,884
"benefits resource, llc",digitalbenefitadvisors.com,507
parcel insurance plan,pipinsure.com,643
the insurance office,theinsuranceofficeoh.com,604
world of america,woagp.com,78256
cherry creek benefits,cherrycreekbenefits.com,1412
us hole in one,holeinoneinsurance.com,4672
"professional benefit services, inc.",pbsbenefits.com,69793
senior financial group,sfgmedicare.com,43960
"premier benefit plans, inc",premier-benefits.com,4551
senior advisory group,senioradvisorygroup.com,17483
financial solutions,myenrollmentsource.com,1296
"network adjusters, inc.",networkadjusters.com,803
s&c claims services inc,ssclaimslv.com,525
"the senior resource group, llc",theseniorresourcegroup.com,540
"the insurance group, inc.",theinsurancegroup.com,27639
the ross companies,rosscompanies.com,1305
extraordinary re,extraordinaryre.com,4146
the america group,theamerica-grp.com,25803
national benefit partners,nationalbenefitpartners.com,22493
ability risk management,abilityriskmanagement.com,4244
health directions,health-directions.com,5320
,,
,,
,,
,,
,,
design,,
design for use,designforuse.net,14871
international center for creativity,internationalcenterforcreativity.com,6170
"altitude, inc.",altitudeinc.com,1734
on the level,artonthelevel.com,36434
manufacture new york,manufactureny.org,528
breakfast,breakfastny.com,20017
k designs,kimberlyreuther.com,63892
division of/,divisionof.com,4507
"living design studios, inc",livingdesignstudios.com,4624
"arterial, llc",arterialstreets.com,5583
kitchens unlimited,kitchensunlimited.net,2780
solutions aec,solutions-aec.com,587
"notion, llc",notionpartners.com,2099
objective subject,objectivesubject.com,79864
stoked,stokedproject.com,864
culminate,culminatesolutions.com,2184
communications engineering consultants,ceclimited.com,8207
active ingredients,activeingredients.com,15622
"designed stairs, inc.",designedstairs.com,9873
interior spaces,interiorspacesforyou.com,5723
facility designs,facilitydesigns.com,5495
commercial interior resources,commercialinteriors.net,903
kitchens unlimited,kitchenswc.com,2780
,,
,,
,,
,,
,,
automotive,,
clean air power,cleanairpower.com,7978
"greening testing laboratories, inc.",greeninginc.com,547
"cnc motors, inc.",cncexotics.com,737
"strong volkswagen, inc.",strongvw.com,767
"supplier inspection services, inc.",sis-inspection.net,9282
engine power components inc.,engpwr.com,6095
a & s rv center,asrvcenter.com,1179
quality chain corp,qualitychaincorp.com,47054
"auto systems experts, inc.",midasase.com,4011
automotive dynamics corp,automotivedynamicscorp.com,1088
mobile mechanic,millenniumconsulting.net,1977
pinnacle industries ltd,pinnacleindustriesltd.com,2073
modern silicone,modernsilicone.com,950
know-how systems global,know-howsystems.com,10492
mobility ventures llc,mv-1.us,570
master finish company,masterfinishco.com,2943
the auto shop,theautoshop.com,565
mid-state truck equip. inc.,mid-statetruck.com,1939
eeuroparts.com/epxparts.com,eeuroparts.com,10465
woods cycle country,woodscyclecountry.com,1373
circuit controls corp,circuitcontrols.com,16123
"misc products, inc.",miscproducts.com,755
ward corporation,wardcorp.com,573
,,
,,
,,
,,
,,
individual & family services,,
community rebuilders,communityrebuilders.org,2384
asian american community services,aacsohio.org,1073
early on michigan,1800earlyon.org,1970
"extended family - living assistance services, llc",bayareaextendedfamily.com,3977
community connections of alaska,comconnections.org,810
"thrive, inc",allthrive.org,1003
early connections learning centers,earlyconnections.org,1991
expressions of kids,babysignsprogram.com,808
center for healthy families,thecenterforhealthyfamilies.com,20396
community cooperative,ccmileecounty.com,22258
out of the garden project,outofthegardenproject.org,1537
assisted living advantage,assistedlivingadvantage.com,755
a place called hope,chicagoblackcarservice.com,3880
"women's health services",womenshealthsantafe.org,1976
door to hope,doortohope.org,1531
national council for adoption,adoptioncouncil.org,624
the legacy group,medicaidplanning.us,3426
"parents and friends, inc.",pafinc.net,5803
origin sc,originsc.org,7119
search and care,searchandcare.org,1917
"sheltered living, inc.",shelteredliving.org,4099
avail outreach,availoutreach.com,1060
,,
,,
,,
,,
,,
mechanical or industrial engineering,,
"general aire systems, inc.",genairesys.com,31760
"conception to reality, inc.",ctr-inc.com,4456
"j&s tool, inc",jstoolinc.com,6475
global body & equipment,cncmetalproducts.com,3833
particles plus,particlesplus.com,2823
across international,acrossinternational.com,52685
e solutions for buildings,esolutionstn.com,1456
check-all valve,checkall.com,4920
southwestern controls,swcontrols.com,793
"environics, inc.",environics.com,564
"adams companies, inc.",adamscompaniesinc.com,1335
facility commissioning group,facomgrp.com,1221
professional coating technologies,pctworldwide.com,1239
orion industries ltd,orioncoat.com,628
in’tech industries incorporated,intech-ind.com,4462
service specialties inc.,ssihvac.com,34355
pierce industries,pierceindustries.com,838
"3d-machine, inc.",3d-machine.com,4885
process control engineering,pcontrole.com,2892
"blender products, inc.",airblender.com,1143
"go sustainable energy, llc",gosustainableenergy.com,1118
,,
,,
,,
,,
,,
consumer services,,
surface link,surfacelink.com,3099
spencer services,spencerpest.com,786
"quality compressed air services, inc",qcas-inc.com,915
tour east,toureast.net,903
ultimate exposure,chicagotans.com,2710
equity experts,equityexperts.org,7823
cam administrative services,camadministrativeservices.com,1157
chaos to order,chaostoorder.com,799
transformation,ihavemadeit.com,64277
"parents and friends, inc.",parentsandfriends.org,5803
american sign language communication,aslcomm.com,3410
guarantee system,guaranteesystem.com,23176
qempo.com,qempo.com,10861
donate for a cause,donateforacause.org,1147
"a all-safe, security products & services",yoursecurityexperts.com,15194
advanced services inc.,asicontactcenters.com,920
a+ services,aplusplumbing.com,611
sport clips,haircutmennorthvalenj.com,2488
sustain-ability solutions,sasconserve.com,14268
the cardinal group,cardinal-group.com,1635
,,
,,
,,
,,
,,
environmental services,,
in-pipe technology company,in-pipe.com,4888
"kas, inc.",kas-consulting.com,643
"a-tech consulting, inc.",atechinc.net,624
"seal analytical, ltd.",seal-analytical.com,1859
oklahoma environmental services,oeservices.net,1133
downstream strategies,downstreamstrategies.com,1423
clean ocean action,cleanoceanaction.org,1498
"baxter group, inc.",baxtergroupinc.com,681
health in harmony,healthinharmony.org,1764
spill center,spillcenter.com,2667
"enviro-equipment, inc.",enviroequipment.com,502
"analytical services, inc.",asi-lab.com,640
louisville grows inc,louisvillegrows.org,2598
natural resources management corporation,nrmcorp.com,873
"advanced industrial resources, inc.",airtest1.com,978
"airflow systems, inc",airflowsystems.com,1568
the land stewards,thelandstewards.com,705
"a-z solutions, inc.",vaporremoval.com,8943
,,
,,
,,
,,
,,
mental health care,,
behavior health network,bhninc.com,54316
the counseling group,counselinggroupmiami.com,3481
river city clinic,rivercityclinic.com,4456
neighborhood involvement program,neighborhoodinvolve.org,6226
new york center for living,centerforliving.org,8020
project extreme,projectextreme.org,2723
care counseling,care-clinics.com,1687
"north central behavioral health systems, inc",ncbhs.org,639
"children's services of virginia inc.,",childrensservicesofva.com,2663
santa fe high school,santafecatholic.org,1167
pathways psychological services,pathwayspsych.com,856
journey mental health,journeymentalhealth.com,942
american behavioral clinics,americanbehavioralclinics.com,2666
caring inc,groupcenturion.com,85815
empowered for excellence behavioral health,efebh.org,1851
center for professional excellence,cpenashville.com,55166
therapy on demand,taketod.com,4413
,,
,,
,,
,,
,,
food & beverages,,
hot table,hottable.com,11588
food for free,foodforfree.org,47248
western supermarkets,westernsupermarkets.com,1103
mouth,mouth.com,12389
"coffee break service, inc",coffeebreakinc.com,3243
local food hub,localfoodhub.org,652
feeding our communities partners,feedingourcommunitiespartners.org,1345
"hill & valley, inc.",hillandvalley.net,2410
linen world,pappasgourmetpopcorn.com,4054
"custom ingredients, inc.",customingredientsinc.com,15556
activate drinks,activatedrinks.com,10457
beer run,beerrun.com,1192
naturally boulder,naturallyboulder.org,796
"lucy's",drlucys.com,1813
the market on market,visitthemarket.com,18226
feast!,feastvirginia.com,573
mochas and javas,mochasandjavas.com,505
,,
,,
,,
,,
,,
telecommunications,,
hoot call,hootcall.com,1304
global ip solutions,gipscorp.com,7264
leading edge communications,leadingedge.com,10054
rd direct,rddirect.net,8608
electrical sales corporation,electricalsales.com,5574
alienics inc,alienics.com,4939
full channel,fullchannel.com,35288
telecommunications on demand,tcdemand.com,943
statewide communications,statewide.com,1828
chair,getmeinthechair.com,44776
nationwide inbound,nationwideinbound.com,1138
contact communications,contactanswers.com,1227
"finger lakes business services, inc.",answerusa.com,565
laser answering service,bryan800.com,902
"coordinated systems, inc.",csiworld.com,1308
media excel,mediaexcel.com,4257
"finger lakes business services, inc.",callflas.com,565
,,
,,
,,
,,
,,
entertainment,,
samuels,samuelsadvertising.com,727
in-house production,ihplabor.com,26746
house of moves,moves.com,38731
traveling picture show company,travelingpictureshow.tv,1491
believe entertainment group,believeent.com,646
complete ticket solutions inc,tixops.com,9274
east coast news,ecn.com,4570
zu inc.,zutainment.com,6149
all about entertainment inc.,allaboutentertainment.com,3571
hooked on driving,performancedrivinggroup.com,4418
"vision films, inc",visionfilms.net,4683
second line stages,secondlinestages.com,591
1 event plan inc,1eventplan.com,9588
arts in motion,artsinmotiontheater.com,1231
the stage,stagestoresinc.com,1108
alias,alias-i.com,2192
,,
,,
,,
,,
,,
professional training & coaching,,
dynamic directions,dynamicdirections-d2.com,4234
systemation,systemation.com,640
resources unlimited,resourcesunlimited.com,6910
philadelphia area great careers group,greatcareersphl.org,1212
"the summit group, inc.",summitvalue.com,3553
experience to lead,experiencetolead.com,590
"new momentum, inc.",newmomentum.net,4331
fort hill company,forthillcompany.com,840
"success sciences, inc.",success-sciences.com,73474
point made learning,pointmadelearning.com,12387
circle of security,circleofsecurityinternational.com,1502
mindprotein.com,mindprotein.com,10464
fascinate inc.,howtofascinate.com,5137
advanced adjusting,advadj.com,43595
next level academy,nextlevelacademy.com,1685
illuminate,illuminatecenter.com,3098
,,
,,
,,
,,
,,
oil & energy,,
"group 42, inc.",group-42.com,10944
212 resources,212resources.com,613
hampton data services ltd,hamptondata.com,624
e&m services llc,emservicesus.com,11656
scan systems corp.,scansystems.com,40157
equitable origin,equitableorigin.org,6082
"detection & measurement systems, inc.",detect-measure.com,7199
industrial performance services,theipsgroup.us,5943
international standard valve,isvalve.com,759
"rim operating, inc.",rimcompanies.com,1098
seal for life industries,sealforlife.com,6293
core engineering llc,coreengg.com,574
juniper resources llc,jnpresources.com,591
"guard 1 services, llc",guard1services.com,9692
union pipeline inc,unionpipeline.com,2105
,,
,,
,,
,,
,,
consumer goods,,
"natural food works, llc",nfworks.com,24944
delk,delk.us,1494
"prize possessions, inc.",prizepossessions.com,950
airborne,airbornehealth.com,22778
water solutions,aspenshowroom.com,1262
adhesives applications,adhesiveapps.com,798
certified parts corporation,certifiedpartscorp.com,15281
non typical inc,cuddeback.com,40596
u.s. boiler company,usboiler.net,11903
know yourself,knowyourself.com,19181
read between the lines,readbetweenthelines.com,10153
"premier water technologies, inc",premierwatermn.com,599
brand value growth llc,bvgrowth.com,44330
"closet city, ltd.",closetcity.com,828
public goods,publicgoods.com,91090
,,
,,
,,
,,
,,
transportation/trucking/railroad,,
mid south transport,midsouthtranport.com,775
"top logistics, llc",toplogistics.com,1831
"accelerated, inc.",acceleratedusa.net,8213
"right weigh, inc.",rwls.com,13858
jobsintrucks.com,jobsintrucks.com,10827
direct drive express,directdriveexpress.com,5740
asphalt transport inc,atitransports.com,586
same day delivery,samedaydeliverymi.com,651
cdl college,cdlcollege.com,5408
expedited freight systems,expedited.org,797
sliding systems inc.,slidingsystems.com,5460
"dispatcher, inc.",dispatchertrucking.com,4782
"superior moving services, inc.",superiormoving.com,21851
tag truck center,tagtruckcenter.com,994
transportation and consolidation services,tcs-its.com,2087
,,
,,
,,
,,
,,
wholesale,,
great north foods,greatnorthfoods.com,7725
the butler group,butlergroupgifts.com,1044
professional supply,professionalsupply.com,3971
climatic comfort products,climaticcomfortproducts.com,842
quality engineered products,qepdesign.com,11852
americas generators,americasgenerators.com,1180
purchase partners,purchasepartners.com,1831
"sps companies, inc",spscompanies.com,622
prince corporation,prince-corp.com,1032
"co-op gas,inc.",ballooncountry.com,598
energy products distribution,epdwindowfilm.com,6547
"supply america, inc.",supplyamericaonline.com,36305
"re-marks, inc.",remarks.net,4740
kipp inc.,kippusa.com,774
,,
,,
,,
,,
,,
security and investigations,,
global security systems,gsecuritysystems.com,1011
"reliability center, inc.",reliability.com,14028
shield screening,shieldscreening.com,2774
the loss prevention group,lpgca.com,1561
global security & investigations,gsisgroup.com,2404
act  now alarm,actnowalarm.com,505
central monitoring,central911.com,1231
all-state fire and security,allstatefireandsecurity.com,18687
security management consulting,secmgmt.com,743
hsa international,hsainternationalgroup.com,934
global verification network,globalverificationnetwork.com,1378
access control group inc.,accesscontrolgroup.net,518
c.p.i. services,cpiinvestigations.com,6673
nationwide screening services,nsshire.com,5964
,,
,,
,,
,,
,,
printing,,
"graphic creations, inc.",graphiccreations.com,7879
franklin group,franklin-flare.com,2535
laser plus,laserplususa.com,4020
"printing and packaging, inc.",pandpinc.com,1250
"best label company, inc.",bestlabel.com,16415
"usa image technologies, inc.",usaimage.com,828
grand image inc.,grandimageinc.com,859
print basics,printbasics.com,676
"page 1 printers, inc.",page1printers.com,707
convertible solutions,convertiblesolutions.com,15263
multi business systems,trustmbs.com,949
sunny direct,sunnydirect.com,1491
impressive print,impressiveprint.com,1296
executive data control,executivedatacontrol.com,1933
,,
,,
,,
,,
,,
biotechnology,,
matrical,matrical.com,3664
"on-line instrument systems, inc.",olisweb.com,9550
laboratory for advanced medicine inc.,lamoncogroup.com,8297
surface dynamics llc,sdbiocoatings.com,4705
"solutions medical group, llc",solutionsmedical.com,1560
"u.s. stem cell, inc",us-stemcell.com,2346
"acumen detection, llc",acumendetection.com,1007
"numerate, inc.",numerate.com,72083
molecular innovations,mol-innov.com,797
eminent services corporation,emiserv.com,1404
replenish,replenishinc.com,60123
connecticut clean room corporation,ctcleanroom.com,562
"the sage group, inc.",sagehealthcare.com,1388
,,
,,
,,
,,
,,
facilities services,,
nomad group llc,nomadgroup.com,710
the liberty group company,libertygrp.com,3765
"rms, inc.",rmsonline.com,660
heritage healthcare services,heritagehealthcare.com,640
sushi restaurant,katanaofmtairy.com,582
"facility masters, inc.",facilitymasters.com,58095
"the growing company, inc.",thegrowingcompany.com,1792
quality fire protection,quality-fire.com,736
"lightning mobile, inc.",lightningmobileinc.com,832
all clean services,allcleanservices-pa.com,964
downtown works coworking,downtownworks.com,1035
"bar green, inc.",bargreeninc.com,1125
hopkins,choosehopkins.com,2145
,,
,,
,,
,,
,,
medical devices,,
integrated sensing systems,mems-iss.com,6126
modular devices inc.,modulardevices.com,879
procare inc,procarets.com,1376
ultimed inc.,ulti-care.com,57763
"1800endoscope.com, llc",1800endoscope.com,10826
"international medical equipment and service, inc.",rellhealthcare.com,11330
corner medical,cornermedical.com,6914
med inc.,medinc.net,41452
us ophthalmic,usophthalmic.com,2183
"international medical equipment and service, inc.",imesimaging.com,11330
"med-electronics, inc.",med-electronics.com,961
mobility plus of ca,mobilityplusofca.com,645
active manufacturing,activemfg.net,3640
,,
,,
,,
,,
,,
machinery,,
precision defense services,pdsindustries.com,2665
team corporation,teamcorporation.com,703
"industrial resources, inc.",irinc.us,28373
revolution machine tools,rmtus.com,611
illinois process equipment,ipe-pumps.com,4474
worldwide rental services,wrsrents.com,2301
"shop tools, inc.",shoptools.com,63624
"systems technology, inc.",systems-technology-inc.com,3193
structural metal fabricators,smftruck.com,744
equipment international,equipment-international.com,49887
"schneider industries, inc.",schneiderind.com,744
accurate lift truck,accuratelift.com,25837
package devices llc,packagedevices.com,34543
,,
,,
,,
,,
,,
"leisure, travel & tourism",,
last minute travel,lastminutetravel.com,2885
great international travel,greatintltravel.com,10657
travel by design,sq-travelbydesign.com,793
new adventures,newadventures.com,14423
"global tracks, inc.",globaltracks.com,85643
explore partners,explorepartners.com,24918
plus ltd,plus-ed.com,500
all inclusive outlet,allinclusiveoutlet.com,3678
happyvalley.com,happyvalley.com,10835
asheville nc,ashevillenc.com,1997
cruise specialists,cruisespecialists.com,35708
river city travel,travelpdx.com,1990
travel brokers inc,travelbrokersinc.com,5940
,,
,,
,,
,,
,,
medical practice,,
access family medicine,accessfamilymed.com,3973
south lake pediatrics,southlakepedssc.com,764
strategic practice solutions,strategicpsonline.com,19183
advanced pain medicine institute,drghorbani.com,759
rehabilitation physicians,rehabilitationphysicians.net,2752
clinical trials research,ctrsites.com,2406
medical associates plus,mapbt.com,831
louisiana medical management,lmmc.net,3057
center for family medicine,centerforfamilymedicine.net,6581
advanced care providers,acpstaff.com,898
cardiovascular specialists,cardiovascularspecialists.com,35959
south lake pediatrics,southlakepediatrics.com,764
advanced wellness,centerforadvancedwellnessoffredericksburg.com,1481
,,
,,
,,
,,
,,
renewables & environment,,
advanced battery concepts,advancedbatteryconcepts.com,673
new energy equity,newenergyequity.com,3231
energy vision,energy-vision.org,3382
"trinity business group, llc",naturesbestorganicstn.com,1797
for energy,forenergy.com,11610
green map system,greenmap.org,1171
technology transition corporation,ttcorp.com,646
renew wisconsin,renewwisconsin.org,1746
iq power,iqpower.net,536
"solar energy services, inc.",solarsaves.net,1487
center for climate strategies,climatestrategies.us,1686
center for climate protection,climateprotection.org,4335
,,
,,
,,
,,
,,
research,,
trasers,trasers.com,2171
"professional analysis and consulting, inc.",proaaci.com,41560
"materials evaluation and engineering, inc.",mee-inc.com,33121
"nature source improved plants, llc.",nsiplants.com,716
msp corp,mspcorp.com,537
"performance indicator, llc",performanceindicator.com,63933
"human interfaces, inc",humaninterfaces.net,19890
"confidence analytics, llc",confidenceanalytics.com,767
cyber innovation center,cyberinnovationcenter.org,3567
families in global transition,figt.org,1560
world coffee research,worldcoffeeresearch.org,1318
global journals,globaljournals.org,8682
,,
,,
,,
,,
,,
logistics and supply chain,,
"nis, inc.",nisia.com,1616
fulfillment strategies international,fsifulfillment.com,1888
solution industries llc,solutionind.com,17868
global pump,globalpump.com,3405
commercial group lifting products,cglift.com,17863
"united general supply co., inc.",ugsco.com,3695
"garden state office systems & equipment, inc.",gsos-solutions.com,698
reverse logistics,reverselogisticsrecovery.com,2070
cloud logistics,gocloudlogistics.com,3333
rf controls llc,rf-controls.com,7105
supplier link services,supplierlinkservices.com,5555
systems technology  group,stgconsultant.com,3081
,,
,,
,,
,,
,,
hospitality,,
the time - new york,thetimeny.com,634
"hospitality ventures management, llc",hospitalityventures.com,1573
"visit aurora, inc.",visitaurora.com,1630
agenda: usa,agendausa.com,1098
the thompson house,thompsonhouse.com,619
74 state,74state.com,1213
locale,staywithlocale.com,1278
t.h.e entertainment,the-losangeles.com,10466
catered too,cateredtoo.com,642
magical memories,magicalmemories.com,1092
5 star cleaning,cleaningcharleston.com,3128
,,
,,
,,
,,
,,
electrical/electronic manufacturing,,
wide corporation,widecorp.com,1547
us energy sciences,usenergysciences.com,31712
i.c.e. corporation,ice-ks.com,2690
part hunters,parthunters.com,2673
"power temp systems, inc.",powertemp.com,1190
data display products,ddpleds.com,554
"i-tech e-services, llc",itecheservices.com,1358
rains electric company,rainselectric.com,2125
brand hydraulics corp.,brand-hyd.com,2330
co2meter.com,co2meter.com,10862
,,
,,
,,
,,
,,
higher education,,
center for social impact strategy,socialimpactstrategy.org,3799
union well inc.,unionwellinc.org,28400
college of visual arts,cva.edu,3447
"college transitions, llc",collegetransitions.com,2207
central career school,centralcareer.edu,855
prep expert,prepexpert.com,3192
life directions,lifedirections.org,18690
texas nursing students association,tnsa.org,1359
lebanon college,lebanoncollege.edu,543
"house of peace and education, inc.",hopegardner.org,1589
,,
,,
,,
,,
,,
legal services,,
court house legal services,chls.org,1804
"on the record, inc.",ontherecord.com,3172
gps monitoring solutions,gpsmonitoring.com,961
project citizenship,projectcitizenship.org,4319
sorry works!,sorryworks.net,3259
family defense center,familydefensecenter.net,4653
"county of contra costa, and alameda county",nevadaquicksearch.com,501
public employees for environmental responsibility,peer.org,19423
"myllc.com, inc.",myllc.com,10890
nexus services,nexushelps.com,4009
,,
,,
,,
,,
,,
chemicals,,
"original 7, inc.",original7.com,6206
u s chemical,uschemical.com,3099
am stabilizers corporation,amstabilizers.com,2290
"spectral systems, llc",spectral-systems.com,732
water star inc.,waterstarinc.com,1617
"advanced polymer, inc.",advpolymer.com,1630
"advanced chemical systems, inc.",advancedchemsys.com,1508
"applied silver, inc.",silvaclean.com,3677
apexical inc.,apexical.com,9279
"adherent laboratories, inc.",adherentlabs.com,15801
,,
,,
,,
,,
,,
business supplies and equipment,,
alternative office systems,goaos.com,30003
"hat contract, inc.",hatcontract.com,3375
paper roll products,paperrollproducts.com,880
strong hold products,strong-hold.com,20024
fire safety first,firesafetyfirst.com,811
office technologies,myofficetechnologies.com,7134
everything but the food,everythingbutthefood.com,20073
filingsupplies.com,filingsupplies.com,10835
office advantage,officeadvantage.com,29345
,,
,,
,,
,,
,,
industrial automation,,
overhead conveyor,occ-conveyor.com,720
"automated cells & equipment, inc.",autocells.com,2623
"integrated manufacturing solutions, llc",e-ims.com,722
sec of america,sec-america.com,677
wi-next,wi-next.com,2617
"industrial indexing systems, inc.",iis-servo.com,948
engineered solutions inc.,esi-lou.com,25675
"delta computer systems, inc.",deltamotion.com,1269
acr systems inc.,acrsystems.com,9030
,,
,,
,,
,,
,,
building materials,,
general builders supply,generalbuilders.com,1610
mid-states asphalt,msaroof.com,1079
"major industries, inc.",majorskylights.com,1654
"second use building materials, inc.",seconduse.com,2072
locke solutions,lockesolutions.com,5722
action industries inc,action-ind.com,2626
"air delights, inc.",airdelights.com,534
statements tile,statementstile.com,3289
building material services,buildingmaterialservices.com,1379
,,
,,
,,
,,
,,
commercial real estate,,
"mid-atlantic properties, inc.",midap.com,680
"matrix group, inc.",matrixgroupinc.com,896
sellingrestaurants.com,sellingrestaurants.com,10859
the apartment group,aptgroupaustin.com,2418
dominion commercial,domcommercial.com,590
"professional appraisal services, inc.",pas-el.com,16255
washington property company,washproperty.com,6848
property line,propertyline.com,31734
the stone group,tsg-cre.com,3670
,,
,,
,,
,,
,,
public relations and communications,,
strategic consulting,meridianstrategies.com,5525
lincoln group,lincolngroup.com,4115
one simple plan,onesimpleplan.com,22705
"mail & more, inc.",mailandmoreweb.com,67657
director of communications,yesuniverse.org,9429
strategic public partners,sppgrp.com,24054
media masters,mediamastersonline.net,1444
"cheer, inc.",cheerde.com,35731
outreach process partners llc,opp-llc.com,510
,,
,,
,,
,,
,,
online media,,
7 star,7starllc.com,5588
warp,warphd.com,630
innovation technology,innovationtechnologyllc.com,45963
opinion corp,opinion-corp.com,32099
job portraits,jobportraits.com,568
raw story,rawstory.com,683
timeline,timeline.com,79327
laist.com,laist.com,6171
"college outside, inc.",collegeoutside.com,47751
,,
,,
,,
,,
,,
furniture,,
furniture services inc,fsirentalfurniture.com,33199
furniture solutions for the workplace,furnituresolutionsftw.com,1165
baron,baronnyc.com,773
fob,fobstudenthousing.com,553
"new pacific direct, inc",newpacificdirect.com,4915
"k-log, inc",k-log.com,10701
office interiors & design,oidinc.com,1732
environments inc.,environmentsinc.com,631
industry west,industrywest.com,19813
,,
,,
,,
,,
,,
civil engineering,,
"dynamic isolation systems, inc.",dis-inc.com,1769
click engineering,clickeng.com,2241
"civil west engineering services, inc.",civilwest.com,850
"earth exploration, inc.",earthengr.com,1743
map engineering,mapengineering.net,1403
evolving texas,evolvingtexas.com,1888
civil engineering of columbia,cecola.com,711
avid group,avidgroup.com,548
"civil site group, inc.",civilsitegroup.com,24969
,,
,,
,,
,,
,,
pharmaceuticals,,
"return solutions, inc.",drugreturns.com,44442
dispensing solutions inc,dispensingsolutionsinc.com,4683
ehs solutions llc,ehsnow.com,821
innovation compounding,innovationcompounding.com,3411
science & medicine,scienceandmedicine.com,3859
illuminate,illuminate.net,3098
long term pharmacy solutions,ltpharmacy.com,1778
american medical direct,americanmedicaldirect.com,8476
quality compliance partners,qualpartners.com,921
,,
,,
,,
,,
,,
graphic design,,
the design company,thedesigncompany.com,27275
dress code ny,dresscodeny.com,640
linked by air,linkedbyair.net,6557
personal consulting,troxellwebdesign.com,1605
bright strategic design,brightdesign.com,1430
corporate design,cci-ir.com,1139
q ltd,qltd.com,9729
"graphic 22, inc.",graphic22.com,633
events by design,events-by-design.com,5547
,,
,,
,,
,,
,,
sports,,
"locker room talk, llc",lockerroomtalk.com,544
sports shares,sportsshares.com,971
no idea sports,noideasports.com,6542
fan manager,fanmanager.com,2201
click effects,clickeffects.com,68629
sports networker,sportsnetworker.com,914
all golf services,allgolfservices.com,20496
youth challenge,youthchallengesports.com,8264
,,
,,
,,
,,
,,
human resources,,
solutions at work,mysolutionsatwork.com,504
"hr service, inc.",hrserviceinc.com,1520
hopkins,hopkinshr.com,2145
career direct - living by design,careerdirect-ge.org,14406
serco,sercooftexas.com,1221
hr that works,hrthatworks.com,24444
integrative therapies,integrativetherapieswellness.com,1122
nonprofit management solutions,npmgmtsolutions.com,5137
,,
,,
,,
,,
,,
primary/secondary education,,
right to succeed,righttosucceed.org,27212
seattle learning center,seattlelearningcenter.com,4110
summer enrichment program,woodmontacademysouthfield.com,2725
reading assist institute,readingassist.org,2792
downtown value school,valueschools.com,3992
life lab science program,lifelab.org,1182
marin school of the arts,marinschoolofthearts.org,533
all around children learning centers,allaroundchildren.com,4641
,,
,,
,,
,,
,,
venture capital & private equity,,
world class holdings,world-class.com,11422
heritage group,heritagegroupusa.com,3357
long point capital,longpointcapital.com,3199
social starts,socialstarts.com,4213
fundinguniverse.com,fundinguniverse.com,10786
"generation growth capital, inc.",generationgrowth.com,2797
concentric partners,concentricteam.com,6282
the freedom group,thefreedomgroup.net,1110
,,
,,
,,
,,
,,
defense & space,,
proc services,procservices.com,593
crisis response company,crc-intl.com,9643
bid designs,bid-designs.com,18058
signals defense,signalsdefense.com,3953
k-form,kform.com,29092
"virginia systems and technology, inc.",vast-inc.com,16359
"pioneering decisive solutions, inc.",pideso.com,5454
"net vision consultants, inc.",nvc-inc.net,1547
,,
,,
,,
,,
,,
accounting,,
"business & financial solutions, inc",bfswebsite.com,769
wicpa,wicpa.org,1297
auditor office,sakthi2t.com,3904
"fiscal foundations, llc",fiscalfoundations.com,2786
own business management,obmworldwide.com,6385
"ecs financial services, inc.",ecsfinancial.com,780
the a team executive management,ateamconsulting.com,676
third party administrator,pensioninvestors.com,552
,,
,,
,,
,,
,,
civic & social organization,,
lgbt,lgbt.net,3459
grounded strategies,groundedpgh.org,11178
women in security and privacy,wisporg.com,1369
moses,mosesmi.org,984
analyst institute,analystinstitute.org,1580
west end house,westendhouse.org,1111
she should run,sheshouldrun.org,840
peds,peds.org,6932
,,
,,
,,
,,
,,
music,,
hands in harmony,handsinharmonyri.com,3318
tour supply inc,toursupply.com,4974
living jazz,livingjazz.org,876
pacemaker®,pacemaker.net,2410
side 3 studios,side3.com,703
river music experience,rivermusicexperience.org,1575
sorted noise,sortednoise.com,4044
hear nebraska,hearnebraska.org,1202
,,
,,
,,
,,
,,
restaurants,,
delicatessen,delicatessennyc.com,617
"leo's inc",wafflecabin.com,1387
local 360,local360.org,2845
gomobo.com,gomobo.com,10862
stacked!,stacked-pancakes.com,79896
carlisle corporation,crimestoppersusa.com,627
del mar,delmardc.com,829
locale,localepdx.com,1278
,,
,,
,,
,,
,,
public policy,,
georgia center for opportunity,georgiaopportunity.org,6763
shared-use mobility center,sharedusemobilitycenter.org,2107
health & disability advocates,hdadvocates.org,2662
community voices heard,cvhaction.org,4095
massachusetts 2020,mass2020.org,1986
young government leaders,younggov.org,1730
deans for impact,deansforimpact.org,1954
mission: readiness,missionreadiness.org,12021
,,
,,
,,
,,
,,
investment management,,
energy related properties,erpfunds.com,8291
e&a companies,ea-companies.com,5749
"new island capital management, inc.",newislandcap.com,560
"asset growth partners, llc",assetgrowthpartners.com,15547
leading retirement solutions,leadingretirement.com,33551
growth science,growthsci.com,75363
financial house,financialhouse.com,1714
,,
,,
,,
,,
,,
publishing,,
"u.s. games systems, inc.",usgamesinc.com,2198
this week publications,thisweek.com,5163
"cameron + company, inc.",cameronbooks.com,1432
early to rise,earlytorise.com,1004
health.com,health.com,4836
"sigma assessment systems, inc.",sigmaassessmentsystems.com,1848
the field,fieldmag.com,26319
,,
,,
,,
,,
,,
media production,,
whereby.us,whereby.us,2425
"working pictures, inc.",workingpictures.com,66587
audio video specialists,avs-events.com,35813
tomorrow pictures inc.,tomorrowpictures.com,1466
students of the world,studentsoftheworld.org,63024
digital works,digitalworks-inc.com,15845
oklahoma magazine,okmag.com,500
,,
,,
,,
,,
,,
market research,,
various views research,variousviews.com,9664
"market connections, inc.",marketconnectionsinc.com,55446
best companies group,bestcompaniesgroup.com,3928
leadership in medicine,leadershipinmedicine.com,3056
personal marketing research,personalmarketingresearch.com,2428
rare patient voice llc,rarepatientvoice.com,579
"point forward, inc.",pointforward.com,19368
,,
,,
,,
,,
,,
think tanks,,
public/private ventures,ppv.org,1309
economic opportunity institute,eoionline.org,2576
education evolving,educationevolving.org,502
energy futures initiative,energyfuturesinitiative.org,6304
center of concern,coc.org,67332
capital institute,capitalinstitute.org,2091
center for global policy,cgpolicy.org,13295
,,
,,
,,
,,
,,
packaging and containers,,
the contents specialists,thecontentsspecialists.com,876
abbott company,abbottcompany.net,2455
budget box company,budgetbox.com,9068
pallet usa,palletusa.com,1136
"specialty industries, inc.",specialtyindustries.com,7223
"c.d. container, inc.",cdcontainerinc.com,5050
"automation ideas, inc.",automationideas.com,1456
,,
,,
,,
,,
,,
aviation & aerospace,,
flying s inc,flying-s.com,1974
mda us systems llc,mdacorp-us.com,1279
unmanned systems inc.,networkuav.com,2958
gas turbines international,gti-power.com,714
andover corporation,andovercorp.com,1910
"newton, llc",thenewtoncorp.com,3709
flight evolved,flight-evolved.com,1874
,,
,,
,,
,,
,,
computer & network security,,
[redacted],redacted.com,1191
independent technology consultant,axeres.com,1806
intellect solutions llc,intellectsolutions.com,853
channel systems,channelsys.com,40543
secure networkers,securenetworkers.com,45144
ingressive,ingressive.com,790
illuminate,illuminateesi.com,3098
,,
,,
,,
,,
,,
consumer electronics,,
"plum, inc.",plumlife.com,1026
"high fidelity house, inc.",hifihousecav.com,536
"innovation technology co., ltd.",innacoustic.com,26917
relative home systems,relativehomesystems.com,3437
all distributions corp.,alldistributions.com,94167
"online manufacturer's representatives",onlinerep.com,4609
channel master,channelmaster.com,10584
,,
,,
,,
,,
,,
translation and localization,,
a foreign language service,400languages.com,7986
"international contact, inc.",intlcontact.com,46876
"worldwide interpreters, inc",worldwideinterpreters.com,9481
"sign language resources, inc.",signlanguageresourcesinc.com,5589
industry arabic,industryarabic.com,4126
the translation company group llc,thetranslationcompany.com,681
,,
,,
,,
,,
,,
military,,
pioneer industries inc,pioneerspares.com,1042
"adc management services, inc.",adcmanagementservices.com,791
military families united,militaryfamiliesunited.org,23295
international development & resources inc.,idrnet.com,27013
wounded wear,combatwoundedcoalition.org,716
emerging power,emergingpower.com,8704
,,
,,
,,
,,
,,
religious institutions,,
institute of knowledge,instituteofknowledge.com,29846
federation of christian ministries,federationofchristrianministries.org,701
life stream,lifestreamweb.org,10865
church of the cross,churchofthecrossaz.com,1125
the house of worship,thehouseofworship.com,536
men at the cross,menatthecross.org,2029
,,
,,
,,
,,
,,
philanthropy,,
surge for water,surgeforwater.org,571
kids in need foundation,kinf.org,2289
"washington women's foundation",wawomensfoundation.org,691
"heart's home usa",heartshome.org,705
portfolios with purpose,portfolioswithpurpose.org,20623
christ in the city,christinthecitymissionaries.com,1029
,,
,,
,,
,,
,,
information services,,
hoovers inc.,hoovers.com,1135
sales verification company,salesverifications.com,1987
workerscompensation.com,workerscompensation.com,10861
machinerypete.com,machinerypete.com,10783
life advantages,lifeadvantages.com,24793
global associates,navisworksfreedom.com,969
,,
,,
,,
,,
,,
government administration,,
"city of roswell, new mexico",roswell-nm.gov,983
city of keene,keenetx.com,2842
city of rifle,rifleco.org,542
medical training college,mtcbr.com,4197
army review board agency,pentagon.mil,639
,,
,,
,,
,,
,,
computer hardware,,
computer connection,computer-parts-usa.com,1078
sem+,semplus.com,6523
"global american, inc.",globalamericaninc.com,22826
"laser lab, inc",laser-lab.com,2009
"bus-tech, inc.",bustech.com,1379
,,
,,
,,
,,
,,
program development,,
ohio organizing collaborative,ohorganizing.org,3012
home care providers,homecareproviders.com,39021
"cause strategy partners, llc",causestrategypartners.com,5821
energy 2 engage,energy2engage.com,8252
"atc, inc.",atcmarketing.com,2119
,,
,,
,,
,,
,,
recreational facilities and services,,
horizons hrs,eagelgolf.com,634
mountain workshop,mountainworkshop.com,766
"a-turf, inc.",aturf.com,4163
the meeting house after school,themeetinghouseafterschool.org,1603
aquatic center inc.,aquatic-center.com,2730
,,
,,
,,
,,
,,
writing and editing,,
writers in the schools,witshouston.org,3353
publications professionals llc,pubspros.com,664
treehugger.com,treehugger.com,10837
editor world llc,editorworld.com,1140
over the moon,overthemoon.com,533
,,
,,
,,
,,
,,
motion pictures and film,,
upper cut,thisisuppercut.com,1712
films in motion,filmsinmotion.com,1298
the house of representatives,thehouseofrepresentatives.tv,38493
docs in progress,docsinprogress.org,2002
backroom international,backroom-international.com,694
,,
,,
,,
,,
,,
broadcast media,,
"video visions, inc.",video-visions.com,35517
duplication services inc.,duplicationservices.com,6858
tele america,teleamerica.com,1239
professional systems co.,pscpro.com,52146
,,
,,
,,
,,
,,
newspapers,,
daily commercial,dailycommercial.com,48989
nyc community media,nyccommunitymedia.com,536
les others,lesothers.com,656
south side weekly,southsideweekly.com,1619
,,
,,
,,
,,
,,
e-learning,,
advancement courses,advancementcourses.com,68518
hickory,hickorytraining.com,2161
goleansixsigma.com,goleansixsigma.com,10786
outside the classroom,outsidetheclassroom.com,16909
,,
,,
,,
,,
,,
apparel & fashion,,
no.6 store,no6store.com,54050
bowlingshirt.com,bowlingshirt.com,10404
style for hire,styleforhire.com,31959
"legendary holdings, inc.",legendaryholdings.com,705
,,
,,
,,
,,
,,
outsourcing/offshoring,,
l&b worldwide,lbworldwide.com,5914
social assistant,tufable.com,28090
all seals inc.,allsealsinc.com,22246
virtual assist usa,virtualassistusa.com,749
,,
,,
,,
,,
,,
executive office,,
we olive,weolive.com,641
"my office professionals, llc.",myofficeprofessionals.com,1932
executive office place,executiveofficeplace.com,3149
professional interpreters inc.,professionalinterpretersor.com,1850
,,
,,
,,
,,
,,
computer networking,,
sector 7 llc,sector7llc.com,11153
nw technology,nwtechnology.com,1843
stability networks,stabilitynetworks.com,11618
corporate computer solutions,corporatecomputersol.com,40922
,,
,,
,,
,,
,,
government relations,,
protect democracy,protectdemocracy.org,1585
"public strategies washington, inc.",psw-inc.com,4018
veterans and military families for progress,vmfp.org,6141
,,
,,
,,
,,
,,
mining & metals,,
"noble industries, inc.",nobleindustries.com,1258
"world testing, inc.",worldtesting.com,86913
the imperial group llc,imperialgp.com,705
,,
,,
,,
,,
,,
utilities,,
michigan scientific corp,michsci.com,561
"engineered pump services, inc.",epspumps.com,2303
bauer corporation,bauerladder.com,566
,,
,,
,,
,,
,,
public safety,,
all safe industries,allsafeindustries.com,1183
"first in emergency response training, llc",firstintraining.net,6913
advocates for community transformation,actforjustice.org,822
,,
,,
,,
,,
,,
import and export,,
technical trading company,techtradeco.com,5310
on a roll,onaroll-uk.com,66919
"united general supply co., inc.",leighcountry.com,3695
,,
,,
,,
,,
,,
food production,,
able sales company,ablesales.com,58397
general environmental services,teamges.net,54541
chocolate chocolate chocolate company,chocolatechocolate.com,3519
,,
,,
,,
,,
,,
banking,,
approved mortgage,approvedmortgage.com,1471
the state bank group,thestatebankgroup.com,532
great nations bank,greatnationsbank.com,15288
,,
,,
,,
,,
,,
performing arts,,
the shelter,theshelternyc.org,1141
the play company,playco.org,907
issue project room,issueprojectroom.org,1123
,,
,,
,,
,,
,,
plastics,,
custom fabricating & supplies,customfabricate.com,1041
"acrylic designs, inc.",acrylic-designs.com,511
"custom profiles, inc.",customprofiles.com,7812
,,
,,
,,
,,
,,
investment banking,,
technology holdings,technology-holdings.com,6488
park city angels,parkcityangels.com,2183
"eve partners, llc",evepartners.com,1486
,,
,,
,,
,,
,,
semiconductors,,
six sigma,sixsigmaservices.com,22300
correct designs,correctdesigns.com,35394
,,
,,
,,
,,
,,
alternative dispute resolution,,
resolution systems institute,aboutrsi.org,2457
consumer help web,consumerhelpweb.com,602
,,
,,
,,
,,
,,
veterinary,,
the animal hospital,theanimalhospital.com,2837
case veterinary hospital,casevet.com,1706
,,
,,
,,
,,
,,
international trade and development,,
echo group,the-echo-group.com,2341
global health liaisons,ghliaisons.com,761
,,
,,
,,
,,
,,
museums and institutions,,
"grand center, inc.",grandcenter.org,8596
illuminate,illuminate.org,3098
,,
,,
,,
,,
,,
fine art,,
country club,countryclubprojects.com,32841
hope center for the arts,hopeu.org,1113
,,
,,
,,
,,
,,
sporting goods,,
hollis,hollis.com,2880
extra innings inc,extrainnings.us,691
,,
,,
,,
,,
,,
warehousing,,
"arrow companies, llc",arrowcompanies.com,709
document management solutions,dms-llc.com,617
,,
,,
,,
,,
,,
airlines/aviation,,
"avion systems, inc.",avion-systems.com,5728
"aircrafters, inc.",aircrafters.com,27170
,,
,,
,,
,,
,,
international affairs,,
world politics review,worldpoliticsreview.com,620
aids-free world,aidsfreeworld.org,3224
,,
,,
,,
,,
,,
capital markets,,
tiger llc,gotiger.com,1603
global startup ecosystem,globalstartupecosystem.com,898
,,
,,
,,
,,
,,
alternative medicine,,
integrated health systems,integratedhealthdenver.com,3998
,,
,,
,,
,,
,,
maritime,,
sound experience,soundexp.org,1815
,,
,,
,,
,,
,,
luxury goods & jewelry,,
luxury brand group,luxurybrandgroup.com,875
,,
,,
,,
,,
,,
arts and crafts,,
union project,unionproject.org,23419
,,
,,
,,
,,
,,
tobacco,,
smokingpipes.com,smokingpipes.com,10788
,,
,,
,,
,,
,,
cosmetics,,
faces beautiful,facesbeautiful.com,5761
,,
,,
,,
,,
,,
nanotechnology,,
optometrics corporation,optometrics.com,631
,,
,,
,,
,,
,,
law practice,,
florence project,firrp.org,524
,,
,,
,,
,,
,,
textiles,,
maxime knitting inc.,tricotsmaxime.com,716
,,
,,
,,
,,
,,
fishery,,
fishery,pacshell.com,1242
,,
,,
,,
,,
,,
law enforcement,,
office of district attorney,oklahomacounty.org,642
,,
,,
,,
,,
,,
libraries,,
traveling stories,travelingstories.org,20893
,,
,,
,,
,,
,,
farming,,
hts ag,htsag.com,723
,,
,,
,,
,,
,,